direction,risk_reward,pips_risked,risk_per_trade,win_rate_mean,win_rate_median,win_rate_std,expectancy_mean,expectancy_median,expectancy_std,avg_holding_period_mean,avg_holding_period_median,avg_holding_period_std,CAGR
buy,4.0,4,0.02,0.23493499999999998,0.235,0.013236342961709628,1.0026287341051145,1.0026342370904546,0.0012896709125015588,1.406925,1.408,0.04217581504843741,695.2902954516759
buy,4.0,4,0.03,0.23493499999999998,0.235,0.013236342961709628,1.003328941173691,1.0033365010910984,0.0019099950945898924,1.406925,1.408,0.04217581504843741,3962.4852208877937
buy,4.0,4,0.05,0.23493499999999998,0.235,0.013236342961709628,1.0036022653332302,1.0036127057868691,0.0031044942743310177,1.406925,1.408,0.04217581504843741,7813.576014011846
buy,4.0,4,0.06,0.23493499999999998,0.235,0.013236342961709628,1.0032103511994126,1.0032216688214441,0.003679679789607458,1.406925,1.408,0.04217581504843741,2951.2030328958
buy,4.0,4,0.07,0.23493499999999998,0.235,0.013236342961709628,1.0024868036625778,1.0024986547428165,0.004240763394857221,1.406925,1.408,0.04217581504843741,488.5426918836572
buy,4.0,5,0.02,0.230045,0.2295,0.013279795743911124,1.0021524730352207,1.002098573061268,0.0012934015187846088,1.6799549999999999,1.682,0.0599230587920877,123.2076805349044
buy,4.0,5,0.03,0.230045,0.2295,0.013279795743911124,1.0026237377783513,1.0025433453245527,0.001915162780406214,1.6799549999999999,1.682,0.0599230587920877,352.9921393155475
buy,4.0,5,0.05,0.230045,0.2295,0.013279795743911124,1.0024564603733472,1.002324017131637,0.003111775637079011,1.6799549999999999,1.682,0.0599230587920877,242.95754672706926
buy,4.0,5,0.06,0.230045,0.2295,0.013279795743911124,1.001852502741887,1.0016945067042136,0.003687670731530418,1.6799549999999999,1.682,0.0599230587920877,63.031019752201026
buy,4.0,5,0.07,0.230045,0.2295,0.013279795743911124,1.0009221856695902,1.0007389547031447,0.00424925191629868,1.6799549999999999,1.682,0.0599230587920877,7.8748808069493625
buy,4.0,6,0.02,0.22422,0.224,0.013331601554201957,1.001585442882707,1.0015631928502742,0.0012975663373369394,2.0111600000000003,2.0115,0.07952901608846925,23.491346480295107
buy,4.0,6,0.03,0.22422,0.224,0.013331601554201957,1.0017843414082623,1.001750811384288,0.001920704045302397,2.0111600000000003,2.0115,0.07952901608846925,34.893068963961326
buy,4.0,6,0.05,0.22422,0.224,0.013331601554201957,1.0010932756469355,1.0010369695586416,0.0031188212519997647,2.0111600000000003,2.0115,0.07952901608846925,8.822078631183192
buy,4.0,6,0.06,0.22422,0.224,0.013331601554201957,1.000237420590281,1.0001696501379171,0.003694900345628502,2.0111600000000003,2.0115,0.07952901608846925,1.6048417720400463
buy,4.0,6,0.07,0.22422,0.224,0.013331601554201957,0.9990615851955228,0.9989823180067473,0.00425631989763562,2.0111600000000003,2.0115,0.07952901608846925,0.1540078680390157
buy,4.0,7,0.02,0.21916500000000003,0.219,0.013153622124722908,1.0010935999137152,1.0010767328548809,0.0012795568912235408,2.3917699999999997,2.4,0.09724030594357468,6.9137206451843065
buy,4.0,7,0.03,0.21916500000000003,0.219,0.013153622124722908,1.00105641236016,1.0010308720203513,0.001893557878220194,2.3917699999999997,2.4,0.09724030594357468,6.474000597401425
buy,4.0,7,0.05,0.21916500000000003,0.219,0.013153622124722908,0.9999116302887071,0.9998683666856241,0.0030732144970297415,2.3917699999999997,2.4,0.09724030594357468,0.8552753156486191
buy,4.0,7,0.06,0.21916500000000003,0.219,0.013153622124722908,0.9988377187512174,0.998785440008038,0.003639995704813291,2.3917699999999997,2.4,0.09724030594357468,0.12780402765065177
buy,4.0,7,0.07,0.21916500000000003,0.219,0.013153622124722908,0.9974494388493657,0.9973880630217784,0.004192087490834828,2.3917699999999997,2.4,0.09724030594357468,0.010914364619539447
buy,4.0,8,0.02,0.21475999999999998,0.214,0.01346448662222218,1.0006652562588112,1.000590509133473,0.0013091341774656544,2.8080200000000004,2.8085,0.1127148153527299,2.8514963108427596
buy,4.0,8,0.03,0.21475999999999998,0.214,0.01346448662222218,1.0004226437710726,1.0003114500632206,0.0019368573115264647,2.8080200000000004,2.8085,0.1127148153527299,1.9460197422970666
buy,4.0,8,0.05,0.21475999999999998,0.214,0.01346448662222218,0.9988834020299273,0.9987011280306288,0.0031420175438919614,2.8080200000000004,2.8085,0.1127148153527299,0.17198994411454196
buy,4.0,8,0.06,0.21475999999999998,0.214,0.01346448662222218,0.9976200689697925,0.9974031455908419,0.0037206466657282765,2.8080200000000004,2.8085,0.1127148153527299,0.023415877879989236
buy,4.0,8,0.07,0.21475999999999998,0.214,0.01346448662222218,0.9960473411245548,0.9957963522749921,0.004284023217731224,2.8080200000000004,2.8085,0.1127148153527299,0.0019493932751876903
buy,4.0,9,0.02,0.21228999999999998,0.2115,0.013931471566205776,1.0004251914174531,1.0003474870201585,0.0013543098128940279,3.249135,3.2495,0.13441341739201487,1.8226014146262615
buy,4.0,9,0.03,0.21228999999999998,0.2115,0.013931471566205776,1.0000675330609736,0.9999519355802395,0.0020035321554938207,3.249135,3.2495,0.13441341739201487,1.1000514822230876
buy,4.0,9,0.05,0.21228999999999998,0.2115,0.013931471566205776,0.9983075330408385,0.9981180265962849,0.003249672166338458,3.249135,3.2495,0.13441341739201487,0.091457931172992
buy,4.0,9,0.06,0.21228999999999998,0.2115,0.013931471566205776,0.99693826355896,0.9967127255045093,0.0038478370769202018,3.249135,3.2495,0.13441341739201487,0.013168029928011938
buy,4.0,9,0.07,0.21228999999999998,0.2115,0.013931471566205776,0.9952624268333543,0.9950014624125694,0.004430146313662635,3.249135,3.2495,0.13441341739201487,0.001224041930420291
buy,4.0,10,0.02,0.20888,0.2095,0.013541993944763082,1.000093726498172,1.000153110883894,0.001315900572028642,3.746835,3.7445,0.15364803212211992,1.1257671937003877
buy,4.0,10,0.03,0.20888,0.2095,0.013541993944763082,0.9995771926945067,0.9996644149607847,0.001946322070916796,3.746835,3.7445,0.15364803212211992,0.5859378834201558
buy,4.0,10,0.05,0.20888,0.2095,0.013541993944763082,0.997512279376039,0.997651785137206,0.0031556654708732143,3.746835,3.7445,0.15364803212211992,0.042920875889689646
buy,4.0,10,0.06,0.20888,0.2095,0.013541993944763082,0.9959966650621405,0.9961607259117246,0.003735832927142788,3.746835,3.7445,0.15364803212211992,0.006280084661726474
buy,4.0,10,0.07,0.20888,0.2095,0.013541993944763082,0.9941783740290512,0.9943659972532044,0.004300410585356855,3.746835,3.7445,0.15364803212211992,0.0006235767338940204
buy,4.5,4,0.02,0.22362500000000005,0.224,0.012984004582562346,1.0035940074650913,1.0036330867981131,0.0013864439889650431,1.473815,1.475,0.04610315363399775,6010.673113310686
buy,4.5,4,0.03,0.22362500000000005,0.224,0.012984004582562346,1.0046834731882146,1.0047405699166754,0.0020497510710683975,1.473815,1.475,0.04610315363399775,83516.1531051998
buy,4.5,4,0.05,0.22362500000000005,0.224,0.012984004582562346,1.0055807793613005,1.0056711731713783,0.003320761089200722,1.473815,1.475,0.04610315363399775,727968.465163306
buy,4.5,4,0.06,0.22362500000000005,0.224,0.012984004582562346,1.0054339825599357,1.0055397604577319,0.003929928401615092,1.473815,1.475,0.04610315363399775,510896.1516084765
buy,4.5,4,0.07,0.22362500000000005,0.224,0.012984004582562346,1.0049168194158238,1.0050371997083885,0.0045224081687471815,1.473815,1.475,0.04610315363399775,146686.13351006567
buy,4.5,5,0.02,0.21575500000000003,0.216,0.01275401799434202,1.0027541027795446,1.0027793150056086,0.0013607646482282814,1.782685,1.783,0.06969989795544897,376.2330698963524
buy,4.5,5,0.03,0.21575500000000003,0.216,0.01275401799434202,1.0034420642463755,1.0034786705124008,0.0020109961432442204,1.782685,1.783,0.06969989795544897,1650.7808248692634
buy,4.5,5,0.05,0.21575500000000003,0.216,0.01275401799434202,1.0035706100967974,1.003627844257945,0.0032555237998725703,1.782685,1.783,0.06969989795544897,2175.915160312373
buy,4.5,5,0.06,0.21575500000000003,0.216,0.01275401799434202,1.0030556404354933,1.0031221979251,0.003851330808189394,1.782685,1.783,0.06969989795544897,719.4581554194804
buy,4.5,5,0.07,0.21575500000000003,0.216,0.01275401799434202,1.0021805644034503,1.0022558371741481,0.004430397533188472,1.782685,1.783,0.06969989795544897,109.57336346640781
buy,4.5,6,0.02,0.20883,0.21,0.013106910391087596,1.0020157132434182,1.0021394628212694,0.001397129349832256,2.14185,2.1475,0.08486788261763104,46.78389123236203
buy,4.5,6,0.03,0.20883,0.21,0.013106910391087596,1.0023511646888312,1.002533286143551,0.0020638316126715913,2.14185,2.1475,0.08486788261763104,88.65530264217885
buy,4.5,6,0.05,0.20883,0.21,0.013106910391087596,1.0018056007254674,1.0020980725536885,0.003338249321197476,2.14185,2.1475,0.08486788261763104,31.344902385125646
buy,4.5,6,0.06,0.20883,0.21,0.013106910391087596,1.0009681812028157,1.0013128411839949,0.003947601582714234,2.14185,2.1475,0.08486788261763104,6.347391600577197
buy,4.5,6,0.07,0.20883,0.21,0.013106910391087596,0.9997798873569613,1.0001748677303022,0.004539354095532382,2.14185,2.1475,0.08486788261763104,0.6567866691434028
buy,4.5,7,0.02,0.20342,0.20350000000000001,0.01306306242808324,1.001439194553493,1.0014467517582735,0.0013915729969340735,2.5669349999999995,2.5735,0.10466360769149897,11.23633157630913
buy,4.5,7,0.03,0.20342,0.20350000000000001,0.01306306242808324,1.0014996471399131,1.0015101278845717,0.002055002508152526,2.5669349999999995,2.5735,0.10466360769149897,12.437194069474039
buy,4.5,7,0.05,0.20342,0.20350000000000001,0.01306306242808324,1.0004286201336212,1.0004434591519669,0.0033220433739295234,2.5669349999999995,2.5735,0.10466360769149897,2.0561483543038674
buy,4.5,7,0.06,0.20342,0.20350000000000001,0.01306306242808324,0.9993400505189237,0.9993563987015357,0.0039273442751978525,2.5669349999999995,2.5735,0.10466360769149897,0.3294013571816632
buy,4.5,7,0.07,0.20342,0.20350000000000001,0.01306306242808324,0.9979079206271326,0.9979253746287593,0.00451483399820498,2.5669349999999995,2.5735,0.10466360769149897,0.029516454627541506
buy,4.5,8,0.02,0.19956500000000002,0.198,0.013382293338587373,1.001028640005828,1.0008609830203492,0.0014252084643680298,3.017165,3.0060000000000002,0.12364278294748948,4.644006347624502
buy,4.5,8,0.03,0.19956500000000002,0.198,0.013382293338587373,1.0008934380427756,1.0006451885267071,0.0021044122017373043,3.017165,3.0060000000000002,0.12364278294748948,3.7955712545369775
buy,4.5,8,0.05,0.19956500000000002,0.198,0.013382293338587373,0.9994488818033527,0.9990455208178445,0.0034011078090035347,3.017165,3.0060000000000002,0.12364278294748948,0.4389490716434317
buy,4.5,8,0.06,0.19956500000000002,0.198,0.013382293338587373,0.9981819319194688,0.9977039125619801,0.0040203551836404785,3.017165,3.0060000000000002,0.12364278294748948,0.06601185840600579
buy,4.5,8,0.07,0.19956500000000002,0.198,0.013382293338587373,0.9965767116081075,0.9960258819328087,0.004621242904987405,3.017165,3.0060000000000002,0.12364278294748948,0.005965495794081148
buy,4.5,9,0.02,0.19530999999999998,0.195,0.013223611458296858,1.0005756043988085,1.0005416179984905,0.0014076535027363647,3.506485,3.499,0.14330896613610744,2.1514620457729965
buy,4.5,9,0.03,0.19530999999999998,0.195,0.013223611458296858,1.0002245863974666,1.0001737199943868,0.0020780299461539845,3.506485,3.499,0.14330896613610744,1.3484881010726963
buy,4.5,9,0.05,0.19530999999999998,0.195,0.013223611458296858,0.998368159948723,0.9982838368922777,0.003357041740443405,3.506485,3.499,0.14330896613610744,0.11367289002084045
buy,4.5,9,0.06,0.19530999999999998,0.195,0.013223611458296858,0.9969045898246373,0.9968037146296042,0.003967455539562901,3.506485,3.499,0.14330896613610744,0.016120459077474805
buy,4.5,9,0.07,0.19530999999999998,0.195,0.013223611458296858,0.9951086237233153,0.9949913275076474,0.004559528266007733,3.506485,3.499,0.14330896613610744,0.0014612991321044128
buy,4.5,10,0.02,0.19109,0.1905,0.012867474499683302,1.0001264688600822,1.0000627629444985,0.0013690075697573916,4.060175,4.0675,0.17851482956606157,1.1617743019967828
buy,4.5,10,0.03,0.19109,0.1905,0.012867474499683302,0.9995616148189768,0.9994669367573877,0.002020462677417309,4.060175,4.0675,0.17851482956606157,0.5945679219434747
buy,4.5,10,0.05,0.19109,0.1905,0.012867474499683302,0.9972973167453779,0.9971424077656268,0.003262445012598416,4.060175,4.0675,0.17851482956606157,0.04039738120099444
buy,4.5,10,0.06,0.19109,0.1905,0.012867474499683302,0.995639137969244,0.9954549516824283,0.00385475254487311,4.060175,4.0675,0.17851482956606157,0.005616136654241567
buy,4.5,10,0.07,0.19109,0.1905,0.012867474499683302,0.993654441871081,0.9934415252474603,0.004428991737656286,4.060175,4.0675,0.17851482956606157,0.0005271155152120114
buy,5.0,4,0.02,0.21281000000000003,0.213,0.01235896031225928,1.0043902182569762,1.0044112386341046,0.0014341467352281118,1.5465550000000001,1.5455,0.053946334212808186,30371.500546128413
buy,5.0,4,0.03,0.21281000000000003,0.213,0.01235896031225928,1.0057844343092162,1.0058147377732318,0.002116491666658506,1.5465550000000001,1.5455,0.053946334212808186,797773.2909365799
buy,5.0,4,0.05,0.21281000000000003,0.213,0.01235896031225928,1.0071407387436155,1.0071874604369753,0.003417451543157078,1.5465550000000001,1.5455,0.053946334212808186,19090141.728398316
buy,5.0,4,0.06,0.21281000000000003,0.213,0.01235896031225928,1.0071595799862743,1.0072135387298067,0.004038021198547641,1.5465550000000001,1.5455,0.053946334212808186,19950400.375697207
buy,5.0,4,0.07,0.21281000000000003,0.213,0.01235896031225928,1.0067717712687727,1.0068323778513268,0.004639800437569707,1.5465550000000001,1.5455,0.053946334212808186,8051386.90853156
buy,5.0,5,0.02,0.20377000000000003,0.204,0.012449381510741807,1.0033419597308342,1.003367579252301,0.001443056651724329,1.883525,1.884,0.07316993491182017,1035.159505257944
buy,5.0,5,0.03,0.20377000000000003,0.204,0.012449381510741807,1.0042379567479924,1.0042750190206209,0.0021285357860398283,1.883525,1.884,0.07316993491182017,6631.923892340715
buy,5.0,5,0.05,0.20377000000000003,0.204,0.012449381510741807,1.0046452954118807,1.0047028459669605,0.0034335035325070242,1.883525,1.884,0.07316993491182017,15421.023702688655
buy,5.0,5,0.06,0.20377000000000003,0.204,0.012449381510741807,1.0042119076911984,1.0042786158431305,0.004055072688352383,1.883525,1.884,0.07316993491182017,6283.457924160613
buy,5.0,5,0.07,0.20377000000000003,0.204,0.012449381510741807,1.003385834903377,1.0034610409817413,0.004657254041173058,1.883525,1.884,0.07316993491182017,1133.7654136278622
buy,5.0,6,0.02,0.19478500000000004,0.195,0.01279956151592702,1.0023012071155712,1.002325004311674,0.0014818985565883864,2.2867249999999997,2.2984999999999998,0.09472887297439994,66.42582284624702
buy,5.0,6,0.03,0.19478500000000004,0.195,0.01279956151592702,1.0027033401019079,1.0027376572963456,0.002184607266824614,2.2867249999999997,2.2984999999999998,0.09472887297439994,138.152414604663
buy,5.0,6,0.05,0.19478500000000004,0.195,0.01279956151592702,1.00217141001096,1.00222436075223,0.003520201205237255,2.2867249999999997,2.2984999999999998,0.09472887297439994,52.439843401320225
buy,5.0,6,0.06,0.19478500000000004,0.195,0.01279956151592702,1.001291064321245,1.0013522450380334,0.004155349690451018,2.2867249999999997,2.2984999999999998,0.09472887297439994,10.541824130244981
buy,5.0,6,0.07,0.19478500000000004,0.195,0.01279956151592702,1.0000322396480825,1.0001009928952125,0.0047700599061026435,2.2867249999999997,2.2984999999999998,0.09472887297439994,1.060619687391485
buy,5.0,7,0.02,0.19009,0.19,0.012921760715939605,1.0017577944390188,1.0017462641822077,0.0014951718110022502,2.7325100000000004,2.7305,0.11440887159656805,16.830107309882557
buy,5.0,7,0.03,0.19009,0.19,0.012921760715939605,1.0019023569757015,1.0018845845902198,0.002203564441623877,2.7325100000000004,2.7305,0.11440887159656805,21.22391853806016
buy,5.0,7,0.05,0.19009,0.19,0.012921760715939605,1.0008810807782131,1.0008500673984484,0.003548876513979436,2.7325100000000004,2.7305,0.11440887159656805,4.119416162557899
buy,5.0,7,0.06,0.19009,0.19,0.012921760715939605,0.9997681177799516,0.9997301696479317,0.004188143822200732,2.7325100000000004,2.7305,0.11440887159656805,0.6888076069986575
buy,5.0,7,0.07,0.19009,0.19,0.012921760715939605,0.998284219505748,0.9982391634642581,0.004806527999911871,2.7325100000000004,2.7305,0.11440887159656805,0.06326130095867669
buy,5.0,8,0.02,0.18536500000000003,0.185,0.012844523151911869,1.001211172594571,1.0011678582159482,0.0014855426388328888,3.2260699999999995,3.223,0.13306748325567744,5.576338728100241
buy,5.0,8,0.03,0.18536500000000003,0.185,0.012844523151911869,1.0010968272862903,1.0010322376302918,0.0021888899312698384,3.2260699999999995,3.223,0.13306748325567744,4.741610238612431
buy,5.0,8,0.05,0.18536500000000003,0.185,0.012844523151911869,0.9995839911648813,0.999477658535102,0.003523760337043986,3.2260699999999995,3.223,0.13306748325567744,0.5539088781441522
buy,5.0,8,0.06,0.18536500000000003,0.185,0.012844523151911869,0.9982375101689825,0.9981107218332755,0.0041576670784699175,3.2260699999999995,3.223,0.13306748325567744,0.08171496201361696
buy,5.0,8,0.07,0.18536500000000003,0.185,0.012844523151911869,0.9965277611444802,0.9963808000920865,0.004770617737306301,3.2260699999999995,3.223,0.13306748325567744,0.007166627516274245
buy,5.0,9,0.02,0.18037,0.18,0.012907094948128337,1.0006336643188172,1.0005897862199502,0.0014920040610517957,3.7656899999999998,3.755,0.1628075977956803,2.22005113088356
buy,5.0,9,0.03,0.18037,0.18,0.012907094948128337,1.0002460253072598,1.000180615799137,0.0021978700455936983,3.7656899999999998,3.755,0.1628075977956803,1.3630264713677833
buy,5.0,9,0.05,0.18037,0.18,0.012907094948128337,0.9982147492761726,0.9981071315780967,0.0035365607817608355,3.7656899999999998,3.755,0.1628075977956803,0.10543739089820117
buy,5.0,9,0.06,0.18037,0.18,0.012907094948128337,0.9966221813685344,0.9964938973376949,0.004171837318708732,3.7656899999999998,3.755,0.1628075977956803,0.014124143822982885
buy,5.0,9,0.07,0.18037,0.18,0.012907094948128337,0.9946745499703176,0.9945258963261389,0.0047858365587661435,3.7656899999999998,3.755,0.1628075977956803,0.0012033403659963552
buy,5.0,10,0.02,0.17515999999999998,0.176,0.012366664869721341,1.000031550795486,1.000127568952152,0.0014285294392198025,4.37737,4.375500000000001,0.20085171918607023,1.0358303905984334
buy,5.0,10,0.03,0.17515999999999998,0.176,0.012366664869721341,0.9993591501732692,0.9994998400123569,0.002103665954116498,4.37737,4.375500000000001,0.20085171918607023,0.4890545806748656
buy,5.0,10,0.05,0.17515999999999998,0.176,0.012366664869721341,0.9967879920844971,0.9970120632508086,0.003382834483335671,4.37737,4.375500000000001,0.20085171918607023,0.02760702277301982
buy,5.0,10,0.06,0.17515999999999998,0.176,0.012366664869721341,0.9949393040824972,0.9952023236750861,0.003989288865169305,4.37737,4.375500000000001,0.20085171918607023,0.0034790516056558284
buy,5.0,10,0.07,0.17515999999999998,0.176,0.012366664869721341,0.9927441814984631,0.9930444599014121,0.004575073561645319,4.37737,4.375500000000001,0.20085171918607023,0.00029590775262223497
buy,5.5,4,0.02,0.20289000000000001,0.20350000000000001,0.011788040549641825,1.0050837803588855,1.0051590710919003,0.0014759637036664706,1.61625,1.618,0.06105995004911157,112352.53419900913
buy,5.5,4,0.03,0.20289000000000001,0.20350000000000001,0.011788040549641825,1.006731126950543,1.0068412820242634,0.002174194068219484,1.61625,1.618,0.06105995004911157,4804999.347407711
buy,5.5,4,0.05,0.20289000000000001,0.20350000000000001,0.011788040549641825,1.008446440082981,1.0086214012355519,0.003498641292294914,1.61625,1.618,0.06105995004911157,238378133.97919074
buy,5.5,4,0.06,0.20289000000000001,0.20350000000000001,0.011788040549641825,1.0085834509655769,1.008788565387785,0.004127375073901521,1.61625,1.618,0.06105995004911157,325518856.8594403
buy,5.5,4,0.07,0.20289000000000001,0.20350000000000001,0.011788040549641825,1.0082795872010113,1.0085134766644295,0.004735246218292391,1.61625,1.618,0.06105995004911157,163102408.80307925
buy,5.5,5,0.02,0.1912,0.192,0.01228413611126155,1.0036213974079349,1.0037202384014108,0.0015357117707646593,1.9880449999999998,1.9955,0.07819151472506464,1420.3200939559108
buy,5.5,5,0.03,0.1912,0.192,0.01228413611126155,1.0045778430436636,1.0047225251981131,0.002260567859513664,1.9880449999999998,1.9955,0.07819151472506464,9617.512870622642
buy,5.5,5,0.05,0.1912,0.192,0.01228413611126155,1.0049842052678921,1.005214231461748,0.0036326391596058875,1.9880449999999998,1.9955,0.07819151472506464,21664.591066580386
buy,5.5,5,0.06,0.1912,0.192,0.01228413611126155,1.0045005724902467,1.0047703728767161,0.004282655767274398,1.9880449999999998,1.9955,0.07819151472506464,8241.046967529326
buy,5.5,5,0.07,0.1912,0.192,0.01228413611126155,1.0035971127252106,1.0039049113767797,0.004910285836662825,1.9880449999999998,1.9955,0.07819151472506464,1352.9588615698015
buy,5.5,6,0.02,0.18339,0.184,0.012640723871677605,1.0026455833140648,1.002720527585615,0.0015785511767889035,2.411225,2.4175,0.09882395648323336,104.28933761912764
buy,5.5,6,0.03,0.18339,0.184,0.012640723871677605,1.0031418325122423,1.0032512405583571,0.0023224239308427003,2.411225,2.4175,0.09882395648323336,249.01243584470808
buy,5.5,6,0.05,0.18339,0.184,0.012640723871677605,1.0026777771602746,1.0028508245377439,0.003728379429190893,2.411225,2.4175,0.09882395648323336,110.34860940502202
buy,5.5,6,0.06,0.18339,0.184,0.012640723871677605,1.0017820997867117,1.0019845625798305,0.004393478066151063,2.411225,2.4175,0.09882395648323336,22.913899578292998
buy,5.5,6,0.07,0.18339,0.184,0.012640723871677605,1.0004809804669337,1.0007113932606482,0.005035072231869151,2.411225,2.4175,0.09882395648323336,2.3298237937592874
buy,5.5,7,0.02,0.178495,0.1785,0.012410075543686267,1.0020343771524924,1.002033805997017,0.0015488806093052648,2.9028250000000004,2.9015,0.1213121361406187,22.745527726882873
buy,5.5,7,0.03,0.178495,0.1785,0.012410075543686267,1.0022426539210452,1.0022409865435535,0.0022781706716666445,2.9028250000000004,2.9015,0.1213121361406187,31.308171316998436
buy,5.5,7,0.05,0.178495,0.1785,0.012410075543686267,1.0012344077870312,1.0012292172336585,0.003655508266523547,2.9028250000000004,2.9015,0.1213121361406187,6.662827627315951
buy,5.5,7,0.06,0.178495,0.1785,0.012410075543686267,1.0000813389795895,1.0000738148143191,0.004306583128663076,2.9028250000000004,2.9015,0.1213121361406187,1.1331951714322983
buy,5.5,7,0.07,0.178495,0.1785,0.012410075543686267,0.9985319509066768,0.9985217642576426,0.004934349119819234,2.9028250000000004,2.9015,0.1213121361406187,0.10450080502432137
buy,5.5,8,0.02,0.17281499999999997,0.172,0.012625005940592663,1.0013257141862797,1.0012228280221063,0.0015748128212807171,3.432955,3.435,0.14888788726756785,6.008435679501612
buy,5.5,8,0.03,0.17281499999999997,0.172,0.012625005940592663,1.0012004895044855,1.0010483523072198,0.0023156951501519213,3.432955,3.435,0.14888788726756785,5.072768714213241
buy,5.5,8,0.05,0.17281499999999997,0.172,0.012625005940592663,0.999562696401909,0.9993161289145913,0.0037138411319242483,3.432955,3.435,0.14888788726756785,0.5532089932625971
buy,5.5,8,0.06,0.17281499999999997,0.172,0.012625005940592663,0.9981121776879082,0.9978203227396231,0.004374253451555071,3.432955,3.435,0.14888788726756785,0.07749201093508327
buy,5.5,8,0.07,0.17281499999999997,0.172,0.012625005940592663,0.9962760754882951,0.9959401538993038,0.005010714832744731,3.432955,3.435,0.14888788726756785,0.006411024236998132
buy,5.5,9,0.02,0.166445,0.167,0.012331543901718063,1.0005314559700138,1.0005994469602153,0.001536904786246569,4.0325549999999994,4.024,0.18363356712485873,1.8841058195318792
buy,5.5,9,0.03,0.166445,0.167,0.012331543901718063,1.000032788536482,1.000131910396599,0.0022590524276678236,4.0325549999999994,4.024,0.18363356712485873,1.0398651868675597
buy,5.5,9,0.05,0.166445,0.167,0.012331543901718063,0.9976906483503291,0.997847018599534,0.003620264454823572,4.0325549999999994,4.024,0.18363356712485873,0.06351498983180469
buy,5.5,9,0.06,0.166445,0.167,0.012331543901718063,0.9959076120217989,0.9960903347759045,0.004262505599586813,4.0325549999999994,4.024,0.18363356712485873,0.0075281295296588755
buy,5.5,9,0.07,0.166445,0.167,0.012331543901718063,0.9937511626006004,0.993958857714301,0.004881007481832484,4.0325549999999994,4.024,0.18363356712485873,0.0005679529675792422
buy,5.5,10,0.02,0.16189,0.162,0.011776582696181434,0.9999638284657021,0.9999764540276569,0.0014669298756156005,4.7292000000000005,4.75,0.22997830332446575,0.9628266188721514
buy,5.5,10,0.03,0.16189,0.162,0.011776582696181434,0.9991984986952422,0.9992163074722002,0.002155639196868401,4.7292000000000005,4.75,0.22997830332446575,0.43183049612582286
buy,5.5,10,0.05,0.16189,0.162,0.011776582696181434,0.9963538014427289,0.9963800680465932,0.00345284239270271,4.7292000000000005,4.75,0.22997830332446575,0.021807078932441184
buy,5.5,10,0.06,0.16189,0.162,0.011776582696181434,0.9943336916504978,0.9943633462082558,0.004064433517924888,4.7292000000000005,4.75,0.22997830332446575,0.0026032053288844977
buy,5.5,10,0.07,0.16189,0.162,0.011776582696181434,0.9919489571496842,0.9919815030659032,0.004653141198586998,4.7292000000000005,4.75,0.22997830332446575,0.00021056558813925674
buy,6.0,4,0.02,0.19302,0.1935,0.011745620460409915,1.0055883087726132,1.0056515293605588,0.0015772995632121981,1.69214,1.693,0.06408151371495527,247718.84978765482
buy,6.0,4,0.03,0.19302,0.1935,0.011745620460409915,1.0073975024066357,1.0074896056469027,0.002319132260901168,1.69214,1.693,0.06408151371495527,13608533.004274545
buy,6.0,4,0.05,0.19302,0.1935,0.011745620460409915,1.0092986409854592,1.0094437691633007,0.0037190638980249048,1.69214,1.693,0.06408151371495527,909328694.5421209
buy,6.0,4,0.06,0.19302,0.1935,0.011745620460409915,1.0094724781290085,1.0096419805972148,0.004380438522513811,1.69214,1.693,0.06408151371495527,1334800060.1387672
buy,6.0,4,0.07,0.19302,0.1935,0.011745620460409915,1.009174883046622,1.0093674658988505,0.0050179696854571335,1.69214,1.693,0.06408151371495527,691878536.1982727
buy,6.0,5,0.02,0.18077500000000002,0.181,0.012324949289956531,1.0039455477500758,1.0039743516195083,0.0016523173955407793,2.0938849999999998,2.1025,0.08527351156719183,2072.647681203482
buy,6.0,5,0.03,0.18077500000000002,0.181,0.012324949289956531,1.0049832206031677,1.0050246036292012,0.002427523534642636,2.0938849999999998,2.1025,0.08527351156719183,15367.449661196313
buy,6.0,5,0.05,0.18077500000000002,0.181,0.012324949289956531,1.0054303144593373,1.0054937594184488,0.0038871216249417697,2.0938849999999998,2.1025,0.08527351156719183,36408.91811715814
buy,6.0,5,0.06,0.18077500000000002,0.181,0.012324949289956531,1.00491808582102,1.004991189704337,0.004575172609280913,2.0938849999999998,2.1025,0.08527351156719183,13552.315154409363
buy,6.0,5,0.07,0.18077500000000002,0.181,0.012324949289956531,1.0039596947176823,1.0040416418245015,0.005237491635436849,2.0938849999999998,2.1025,0.08527351156719183,2130.0686185269283
buy,6.0,6,0.02,0.17321999999999996,0.174,0.012399661285696476,1.0029332648788525,1.0030363554162727,0.0016605920171347732,2.543475,2.5495,0.1050660714740967,142.52103858755714
buy,6.0,6,0.03,0.17321999999999996,0.174,0.012399661285696476,1.0034963981077787,1.0036468405126955,0.0024384853977600907,2.543475,2.5495,0.1050660714740967,368.6918234918617
buy,6.0,6,0.05,0.17321999999999996,0.174,0.012399661285696476,1.003050674876136,1.0032885161974017,0.0039010726365990094,2.543475,2.5495,0.1050660714740967,173.76458536146498
buy,6.0,6,0.06,0.17321999999999996,0.174,0.012399661285696476,1.002117880763056,1.0023961204040357,0.004589588669744021,2.543475,2.5495,0.1050660714740967,35.95672129227062
buy,6.0,6,0.07,0.17321999999999996,0.174,0.012399661285696476,1.0007548405685467,1.0010714770008873,0.0052517772272967795,2.543475,2.5495,0.1050660714740967,3.588211807833745
buy,6.0,7,0.02,0.167315,0.166,0.011874164181111863,1.0021426468229568,1.0019654327941363,0.0015889104259232925,3.0690500000000003,3.0705,0.13213919743966965,23.477690258888686
buy,6.0,7,0.03,0.167315,0.166,0.011874164181111863,1.0023355536716165,1.0020745666869304,0.002332328680613648,3.0690500000000003,3.0705,0.13213919743966965,31.182750926349378
buy,6.0,7,0.05,0.167315,0.166,0.011874164181111863,1.0011939675209711,1.0007741598895858,0.0037285420114593513,3.0690500000000003,3.0705,0.13213919743966965,5.8095866940748495
buy,6.0,7,0.06,0.167315,0.166,0.011874164181111863,0.999933701311254,0.9994385311399422,0.004385103301376522,3.0690500000000003,3.0705,0.13213919743966965,0.9068631844408429
buy,6.0,7,0.07,0.167315,0.166,0.011874164181111863,0.99825577669806,0.9976877602178581,0.005016124452571848,3.0690500000000003,3.0705,0.13213919743966965,0.07621610247331824
buy,6.0,8,0.02,0.16055,0.16,0.012061819929015689,1.0012378203748582,1.0011629912528541,0.0016127594008428646,3.6425099999999997,3.6384999999999996,0.17016774047979835,4.946969224016243
buy,6.0,8,0.03,0.16055,0.16,0.012061819929015689,1.0010076627238957,1.0008969779135466,0.0023664705052538425,3.6425099999999997,3.6384999999999996,0.17016774047979835,3.6753632043219424
buy,6.0,8,0.05,0.16055,0.16,0.012061819929015689,0.9990720150635561,0.9988925287287094,0.003780515615426355,3.6425099999999997,3.6384999999999996,0.17016774047979835,0.3012277757836503
buy,6.0,8,0.06,0.16055,0.16,0.012061819929015689,0.997438572674206,0.9972260673174411,0.004444778562120559,3.6425099999999997,3.6384999999999996,0.17016774047979835,0.03634688837961418
buy,6.0,8,0.07,0.16055,0.16,0.012061819929015689,0.9954021276112571,0.9951574804649331,0.005082783055023838,3.6425099999999997,3.6384999999999996,0.17016774047979835,0.002590218175052762
buy,6.0,9,0.02,0.155135,0.156,0.011847648500862947,1.0005140687770426,1.000628387284524,0.0015828424102923894,4.29915,4.308,0.2031581342206115,1.7894502405791979
buy,6.0,9,0.03,0.155135,0.156,0.011847648500862947,0.9999458609791754,1.000112687634182,0.0023216937861233545,4.29915,4.308,0.2031581342206115,0.9405401435449353
buy,6.0,9,0.05,0.155135,0.156,0.011847648500862947,0.9973763235596793,0.9976400738084271,0.0037063403056846102,4.29915,4.308,0.2031581342206115,0.05106887591000561
buy,6.0,9,0.06,0.155135,0.156,0.011847648500862947,0.9954452552348718,0.9957538130755923,0.004356100000609585,4.29915,4.308,0.2031581342206115,0.005690697613501399
buy,6.0,9,0.07,0.155135,0.156,0.011847648500862947,0.9931230419008165,0.9934741933871333,0.004979750252126075,4.29915,4.308,0.2031581342206115,0.0004042886692579164
buy,6.0,10,0.02,0.151465,0.152,0.011431044352988928,1.0000237903855622,1.0000940687855988,0.0015266032831814393,5.057300000000001,5.061,0.25098567688216794,1.0238449061290678
buy,6.0,10,0.03,0.151465,0.152,0.011431044352988928,0.9992267493860258,0.9993290119148127,0.002238804731027245,5.057300000000001,5.061,0.25098567688216794,0.4647608955139966
buy,6.0,10,0.05,0.151465,0.152,0.011431044352988928,0.9962284068961865,0.9963891892706259,0.0035728193332306177,5.057300000000001,5.061,0.25098567688216794,0.02368346733822439
buy,6.0,10,0.06,0.151465,0.152,0.011431044352988928,0.9940961361777321,0.9942837323956106,0.004198505765755515,5.057300000000001,5.061,0.25098567688216794,0.002836040281024504
buy,6.0,10,0.07,0.151465,0.152,0.011431044352988928,0.9915808171609516,0.9917937535525506,0.004798858098837198,5.057300000000001,5.061,0.25098567688216794,0.00023059570344599215
sell,4.0,4,0.02,0.23160500000000003,0.231,0.0125888432749002,1.0023043016192972,1.002244634002737,0.0012261480989436315,1.4102949999999999,1.4135,0.043702608331768936,307.830586850371
sell,4.0,4,0.03,0.23160500000000003,0.231,0.0125888432749002,1.0028484751136792,1.002759596445797,0.001815609120847541,1.4102949999999999,1.4135,0.043702608331768936,1188.790310999976
sell,4.0,4,0.05,0.23160500000000003,0.231,0.0125888432749002,1.0028213712314176,1.0026753085033102,0.0029501107806268593,1.4102949999999999,1.4135,0.043702608331768936,1111.4402433803605
sell,4.0,4,0.06,0.23160500000000003,0.231,0.0125888432749002,1.0022848072379764,1.002110767772825,0.0034961375345887663,1.4102949999999999,1.4135,0.043702608331768936,293.28149875065293
sell,4.0,4,0.07,0.23160500000000003,0.231,0.0125888432749002,1.0014201657577377,1.0012185570502494,0.004028607462273187,1.4102949999999999,1.4135,0.043702608331768936,34.21765367858391
sell,4.0,5,0.02,0.22692500000000002,0.226,0.012033676703318898,1.0018485663846972,1.001757843030864,0.0011714772640550176,1.67782,1.6755,0.062236465195253506,62.685303924295965
sell,4.0,5,0.03,0.22692500000000002,0.226,0.012033676703318898,1.0021737162528856,1.0020389320871137,0.0017342308163773078,1.67782,1.6755,0.062236465195253506,129.69750671128097
sell,4.0,5,0.05,0.22692500000000002,0.226,0.012033676703318898,1.0017251941291816,1.0015047930459866,0.002816551963208505,1.67782,1.6755,0.062236465195253506,47.569352594814795
sell,4.0,5,0.06,0.22692500000000002,0.226,0.012033676703318898,1.0009858634489492,1.0007238711840105,0.003337097256696594,1.67782,1.6755,0.062236465195253506,9.096281126056144
sell,4.0,5,0.07,0.22692500000000002,0.226,0.012033676703318898,0.999923526712822,0.9996207332981678,0.003844486166668827,1.67782,1.6755,0.062236465195253506,0.8425226066600375
sell,4.0,6,0.02,0.220865,0.221,0.012078359781029873,1.0012588443284782,1.0012712884937314,0.00117510775820536,2.008205,2.0105,0.08522747781672294,12.295612830297028
sell,4.0,6,0.03,0.220865,0.221,0.012078359781029873,1.001300859007284,1.0013187856562766,0.0017390944974242381,2.008205,2.0105,0.08522747781672294,13.368959542447264
sell,4.0,6,0.05,0.220865,0.221,0.012078359781029873,1.000308078394468,1.0003356440394215,0.0028228532591624907,2.008205,2.0105,0.08522747781672294,1.848513056297089
sell,4.0,6,0.06,0.220865,0.221,0.012078359781029873,0.9993071191389095,0.9993388940258717,0.003343649429307581,2.008205,2.0105,0.08522747781672294,0.25096018018486704
sell,4.0,6,0.07,0.220865,0.221,0.012078359781029873,0.9979898509749023,0.9980254594795894,0.003851004700558256,2.008205,2.0105,0.08522747781672294,0.018072431705871746
sell,4.0,7,0.02,0.21580000000000002,0.216,0.011333578428722325,1.000766129316706,1.0007849702765035,0.001102208609271498,2.3638,2.3615000000000004,0.10694849227548747,3.9197166343014858
sell,4.0,7,0.03,0.21580000000000002,0.216,0.011333578428722325,1.000571711173874,1.0005991567810606,0.001630895869921927,2.3638,2.3615000000000004,0.10694849227548747,2.771720144185317
sell,4.0,7,0.05,0.21580000000000002,0.216,0.011333578428722325,0.9991246797240899,0.9991678598884309,0.0026462523666594792,2.3638,2.3615000000000004,0.10694849227548747,0.20971834163438943
sell,4.0,7,0.06,0.21580000000000002,0.216,0.011333578428722325,0.9979054694603959,0.9979558336419638,0.003133908802817542,2.3638,2.3615000000000004,0.10694849227548747,0.023755862836568584
sell,4.0,7,0.07,0.21580000000000002,0.216,0.011333578428722325,0.9963756067615676,0.9964327315251289,0.0036088094978847744,2.3638,2.3615000000000004,0.10694849227548747,0.0015390910119279606
sell,4.0,8,0.02,0.21191000000000002,0.211,0.011814055188630193,1.0003879967406717,1.0002988882643993,0.0011484411490301268,2.80288,2.805,0.135905244931901,1.844196626930086
sell,4.0,8,0.03,0.21191000000000002,0.211,0.011814055188630193,1.0000123278952997,0.9998800450895082,0.001698953552223626,2.80288,2.805,0.135905244931901,1.0196406248432226
sell,4.0,8,0.05,0.21191000000000002,0.211,0.011814055188630193,0.9982174285467028,0.9980014389996928,0.0027555853654956893,2.80288,2.805,0.135905244931901,0.0599068367531519
sell,4.0,8,0.06,0.21191000000000002,0.211,0.011814055188630193,0.9968312516115483,0.9965746873795186,0.0032627638722123584,2.80288,2.805,0.135905244931901,0.00668803155857185
sell,4.0,8,0.07,0.21191000000000002,0.211,0.011814055188630193,0.9951388575866517,0.9948425453718946,0.0037564857112736185,2.80288,2.805,0.135905244931901,0.00045812085150778736
sell,4.0,9,0.02,0.20890500000000004,0.209,0.011484597293766987,1.0000959127799893,1.0001045215712916,0.001116064048913202,3.2615600000000002,3.268,0.1582655881738036,1.1445739778935127
sell,4.0,9,0.03,0.20890500000000004,0.209,0.011484597293766987,0.9995802539334325,0.9995925451410456,0.0016508075441033529,3.2615600000000002,3.268,0.1582655881738036,0.5537182508521612
sell,4.0,9,0.05,0.20890500000000004,0.209,0.011484597293766987,0.9975167041252133,0.997535252001078,0.0026767189570315627,3.2615600000000002,3.268,0.1582655881738036,0.030177221940381155
sell,4.0,9,0.06,0.20890500000000004,0.209,0.011484597293766987,0.9960015954904331,0.9960227642350291,0.0031689377763835756,3.2615600000000002,3.268,0.1582655881738036,0.0035501027578595415
sell,4.0,9,0.07,0.20890500000000004,0.209,0.011484597293766987,0.9941837028598266,0.9942071817060917,0.0036479617971957516,3.2615600000000002,3.268,0.1582655881738036,0.00027113966215443647
sell,4.0,10,0.02,0.20548000000000002,0.205,0.011316783995464434,0.9997631323548717,0.9997159014791083,0.0010994389907899027,3.742885,3.7504999999999997,0.1787339133320814,0.7410511894159028
sell,4.0,10,0.03,0.20548000000000002,0.205,0.011316783995464434,0.999088068845197,0.9990177932187606,0.0016259920412650059,3.742885,3.7504999999999997,0.1787339133320814,0.3153199595206763
sell,4.0,10,0.05,0.20548000000000002,0.205,0.011316783995464434,0.9967187756126159,0.9966035311987325,0.0026357799698520728,3.742885,3.7504999999999997,0.1787339133320814,0.015642759499455573
sell,4.0,10,0.06,0.20548000000000002,0.205,0.011316783995464434,0.9950570113569648,0.9949198347752447,0.0031200698866576102,3.742885,3.7504999999999997,0.1787339133320814,0.0018947897476700717
sell,4.0,10,0.07,0.20548000000000002,0.205,0.011316783995464434,0.9930964173075814,0.9929376714546668,0.0035912558324479073,3.742885,3.7504999999999997,0.1787339133320814,0.00015630801890530838
sell,4.5,4,0.02,0.22028000000000003,0.219,0.01203293812832095,1.0032368145752548,1.003099394282767,0.0012844503925630935,1.4776299999999998,1.4765000000000001,0.047384945921674325,2504.477117203108
sell,4.5,4,0.03,0.22028000000000003,0.219,0.01203293812832095,1.0041553837501616,1.003951696954251,0.0018986518021768325,1.4776299999999998,1.4765000000000001,0.047384945921674325,22973.90777512266
sell,4.5,4,0.05,0.22028000000000003,0.219,0.01203293812832095,1.0047252110645164,1.004393605625576,0.0030750045832409587,1.4776299999999998,1.4765000000000001,0.047384945921674325,90757.59253729387
sell,4.5,4,0.06,0.22028000000000003,0.219,0.01203293812832095,1.0044214556936557,1.0040281019814745,0.0036385405082567175,1.4776299999999998,1.4765000000000001,0.047384945921674325,43638.768465395384
sell,4.5,4,0.07,0.22028000000000003,0.219,0.01203293812832095,1.0037516307484615,1.0032979449622528,0.004186472581938487,1.4776299999999998,1.4765000000000001,0.047384945921674325,8675.0691045841
sell,4.5,5,0.02,0.21324000000000004,0.213,0.012262234706610373,1.0024857852513334,1.0024593378626392,0.0013078207637717515,1.78471,1.7814999999999999,0.06900337600436662,210.45756674392373
sell,4.5,5,0.03,0.21324000000000004,0.213,0.012262234706610373,1.0030455441521695,1.0030058669438375,0.0019324186128340695,1.78471,1.7814999999999999,0.06900337600436662,700.6630186003448
sell,4.5,5,0.05,0.21324000000000004,0.213,0.012262234706610373,1.0029287336907438,1.0028626667156875,0.0031272770000316946,1.78471,1.7814999999999999,0.06900337600436662,545.1680684388776
sell,4.5,5,0.06,0.21324000000000004,0.213,0.012262234706610373,1.0022963114785528,1.002217111238436,0.0036990203450100734,1.78471,1.7814999999999999,0.06900337600436662,140.051935026182
sell,4.5,5,0.07,0.21324000000000004,0.213,0.012262234706610373,1.0013070891163691,1.0012148118049278,0.004254520368803928,1.78471,1.7814999999999999,0.06900337600436662,16.683917102957118
sell,4.5,6,0.02,0.20581500000000003,0.206,0.011311532831583877,1.0016941329031628,1.0017131215345114,0.001205468691602875,2.1357600000000003,2.1365,0.0937936159874434,25.503891696446573
sell,4.5,6,0.03,0.20581500000000003,0.206,0.011311532831583877,1.0018759897363712,1.0019035247568608,0.0017805117304009394,2.1357600000000003,2.1365,0.0937936159874434,36.095854363805024
sell,4.5,6,0.05,0.20581500000000003,0.206,0.011311532831583877,1.001036577297962,1.0010795203827259,0.0028793576147464316,2.1357600000000003,2.1365,0.0937936159874434,7.259942499389561
sell,4.5,6,0.06,0.20581500000000003,0.206,0.011311532831583877,1.0000585406130573,1.0001084168214402,0.0034045910512009955,2.1357600000000003,2.1365,0.0937936159874434,1.1185229472437994
sell,4.5,6,0.07,0.20581500000000003,0.206,0.011311532831583877,0.9987336185482607,0.998789955703586,0.003914546887465376,2.1357600000000003,2.1365,0.0937936159874434,0.08850955871229013
sell,4.5,7,0.02,0.200775,0.2,0.011447898278723478,1.0011572289001556,1.0010739496655827,0.001219395890004119,2.53746,2.5309999999999997,0.12223660826446388,7.11125275905152
sell,4.5,7,0.03,0.200775,0.2,0.011447898278723478,1.001083113805276,1.000959624343993,0.001800656667619089,2.53746,2.5309999999999997,0.12223660826446388,6.272092808462954
sell,4.5,7,0.05,0.200775,0.2,0.011447898278723478,0.9997548310077835,0.9995536329407286,0.002910616229707824,2.53746,2.5309999999999997,0.12223660826446388,0.6597528268315915
sell,4.5,7,0.06,0.200775,0.2,0.011447898278723478,0.9985432447495242,0.9983044961131212,0.0034408030365274825,2.53746,2.5309999999999997,0.12223660826446388,0.08436091926843488
sell,4.5,7,0.07,0.200775,0.2,0.011447898278723478,0.9969916440510819,0.9967161824198107,0.003955343469590487,2.53746,2.5309999999999997,0.12223660826446388,0.006034512814472717
sell,4.5,8,0.02,0.19615000000000002,0.196,0.011184699370121665,1.0006647375592033,1.0006480616812508,0.0011906934943968176,3.0092849999999998,3.0164999999999997,0.14819731365648972,2.7032822228584257
sell,4.5,8,0.03,0.19615000000000002,0.196,0.011184699370121665,1.0003559675426754,1.0003308514845175,0.0017578031046368253,3.0092849999999998,3.0164999999999997,0.14819731365648972,1.7033892755797224
sell,4.5,8,0.05,0.19615000000000002,0.196,0.011184699370121665,0.9985797845316582,0.9985376669881836,0.0028398947171725075,3.0092849999999998,3.0164999999999997,0.14819731365648972,0.11920622197550522
sell,4.5,8,0.06,0.19615000000000002,0.196,0.011184699370121665,0.9971543418776341,0.9971036903240486,0.003356375189438071,3.0092849999999998,3.0164999999999997,0.14819731365648972,0.014056467257598721
sell,4.5,8,0.07,0.19615000000000002,0.196,0.011184699370121665,0.9953952517171917,0.995336059530512,0.0038573666452581686,3.0092849999999998,3.0164999999999997,0.14819731365648972,0.0010007143110575222
sell,4.5,9,0.02,0.19229500000000002,0.192,0.010908160935739812,1.0002544180559934,1.0002223548829092,0.0011607915711640898,3.51212,3.5155,0.16537731283341134,1.4025189306756638
sell,4.5,9,0.03,0.19229500000000002,0.192,0.010908160935739812,0.9997502709024252,0.9997024736013219,0.0017133340804510995,3.51212,3.5155,0.16537731283341134,0.7174017993660039
sell,4.5,9,0.05,0.19229500000000002,0.192,0.010908160935739812,0.9976013863583876,0.9975227336833953,0.0027670446368208658,3.51212,3.5155,0.16537731283341134,0.04103243771079941
sell,4.5,9,0.06,0.19229500000000002,0.192,0.010908160935739812,0.9959980980243338,0.9959043289184771,0.003269705172548965,3.51212,3.5155,0.16537731283341134,0.004833360696276981
sell,4.5,9,0.07,0.19229500000000002,0.192,0.010908160935739812,0.9940665234263948,0.9939578476558262,0.0037571197989047997,3.51212,3.5155,0.16537731283341134,0.0003657530115856492
sell,4.5,10,0.02,0.18924999999999997,0.189,0.010677897733168268,0.9999304316873813,0.9999031936410885,0.001135986820264394,4.04979,4.0515,0.19932921486826763,0.9206625237651176
sell,4.5,10,0.03,0.18924999999999997,0.189,0.010677897733168268,0.9992720988015299,0.999231449242848,0.0016765103021909543,4.04979,4.0515,0.19932921486826763,0.42097408862892033
sell,4.5,10,0.05,0.18924999999999997,0.189,0.010677897733168268,0.9968292393317881,0.996762210748452,0.002706919090263518,4.04979,4.0515,0.19932921486826763,0.022974221989142264
sell,4.5,10,0.06,0.18924999999999997,0.189,0.010677897733168268,0.9950857421302767,0.9950057546957558,0.0031982857747725264,4.04979,4.0515,0.19932921486826763,0.0028702409521480206
sell,4.5,10,0.07,0.18924999999999997,0.189,0.010677897733168268,0.9930182292110433,0.9929254412612044,0.003674637719846047,4.04979,4.0515,0.19932921486826763,0.00024247489506877882
sell,5.0,4,0.02,0.20987500000000003,0.2085,0.011698263760062857,1.004049650756112,1.0038892749919741,0.0013570355524256776,1.547005,1.545,0.05218127034674415,13636.839146473634
sell,5.0,4,0.03,0.20987500000000003,0.2085,0.011698263760062857,1.0052818393305696,1.0050445871828333,0.00200238186697961,1.547005,1.545,0.05218127034674415,245174.8076424701
sell,5.0,4,0.05,0.20987500000000003,0.2085,0.011698263760062857,1.006329239146488,1.0059443955689984,0.003232245165890364,1.547005,1.545,0.05218127034674415,2850067.7931606094
sell,5.0,4,0.06,0.20987500000000003,0.2085,0.011698263760062857,1.0062007383008316,1.0057450199328506,0.0038186429921076696,1.547005,1.545,0.05218127034674415,2109639.2968656216
sell,5.0,4,0.07,0.20987500000000003,0.2085,0.011698263760062857,1.0056700541585577,1.0051453134013797,0.004387124141021322,1.547005,1.545,0.05218127034674415,608813.2936577338
sell,5.0,5,0.02,0.201205,0.201,0.011686871908256718,1.0030445998234148,1.0030199338342973,0.001354207894135086,1.8842349999999999,1.8795,0.0779753151644801,557.7889729423098
sell,5.0,5,0.03,0.201205,0.201,0.011686871908256718,1.0037993170734107,1.0037623033987875,0.0019971577622590023,1.8842349999999999,1.8795,0.0779753151644801,2666.8291876408534
sell,5.0,5,0.05,0.201205,0.201,0.011686871908256718,1.0039376474862525,1.003876003947795,0.0032205807735915712,1.8842349999999999,1.8795,0.0779753151644801,3552.126639763044
sell,5.0,5,0.06,0.201205,0.201,0.011686871908256718,1.0033761056650334,1.0033022099089222,0.003803039219406789,1.8842349999999999,1.8795,0.0779753151644801,1109.2029270997714
sell,5.0,5,0.07,0.201205,0.201,0.011686871908256718,1.0024258620830826,1.0023397725129468,0.004367161236289823,1.8842349999999999,1.8795,0.0779753151644801,154.52369764282088
sell,5.0,6,0.02,0.19346999999999998,0.1935,0.011046225599724097,1.0021486901942103,1.0021513488457043,0.0012788239332540646,2.2578,2.264,0.10240624980927676,52.09503612052483
sell,5.0,6,0.03,0.19346999999999998,0.1935,0.011046225599724097,1.0024783122325995,1.0024816628752926,0.001885180527190859,2.2578,2.264,0.10240624980927676,95.4635458589956
sell,5.0,6,0.05,0.19346999999999998,0.1935,0.011046225599724097,1.0018082305718625,1.0018118841522092,0.0030375441313352336,2.2578,2.264,0.10240624980927676,27.862224852371803
sell,5.0,6,0.06,0.19346999999999998,0.1935,0.011046225599724097,1.0008620311795542,1.000865359424842,0.003585509519782468,2.2578,2.264,0.10240624980927676,4.888805306752662
sell,5.0,6,0.07,0.19346999999999998,0.1935,0.011046225599724097,0.9995393755831498,0.9995420970982524,0.004115812493181139,2.2578,2.264,0.10240624980927676,0.4280381509683472
sell,5.0,7,0.02,0.18692,0.187,0.010789513427397921,1.0013907043613985,1.001399180515218,0.0012481046145648182,2.7095849999999997,2.7045000000000003,0.1351942778929641,9.466947528277018
sell,5.0,7,0.03,0.18692,0.187,0.010789513427397921,1.0013611419742496,1.001373089364246,0.001839198064944241,2.7095849999999997,2.7045000000000003,0.1351942778929641,9.025528706715033
sell,5.0,7,0.05,0.18692,0.187,0.010789513427397921,1.0000088249682688,1.0000263961070497,0.0029613140293009944,2.7095849999999997,2.7045000000000003,0.1351942778929641,1.0143760755153068
sell,5.0,7,0.06,0.18692,0.187,0.010789513427397921,0.9987383913119469,0.9987581859226469,0.003494321388996624,2.7095849999999997,2.7045000000000003,0.1351942778929641,0.129787855839619
sell,5.0,7,0.07,0.18692,0.187,0.010789513427397921,0.9971020633975971,0.9971237299271343,0.004009791259855071,2.7095849999999997,2.7045000000000003,0.1351942778929641,0.009149838879821726
sell,5.0,8,0.02,0.18249,0.182,0.01055556251461759,1.0008783684030416,1.0008209749542618,0.0012205213644787259,3.211395,3.2119999999999997,0.15343571609960963,3.493372180541298
sell,5.0,8,0.03,0.18249,0.182,0.01055556251461759,1.0006062482467646,1.0005211775556395,0.0017981888200665895,3.211395,3.2119999999999997,0.15343571609960963,2.3713605068832297
sell,5.0,8,0.05,0.18249,0.182,0.01055556251461759,0.9987936104828706,0.9986551166973725,0.002894173102104121,3.211395,3.2119999999999997,0.15343571609960963,0.17910410714615851
sell,5.0,8,0.06,0.18249,0.182,0.01055556251461759,0.9973045906640106,0.9971403126097588,0.003414469651793281,3.211395,3.2119999999999997,0.15343571609960963,0.021378901426141753
sell,5.0,8,0.07,0.18249,0.182,0.01055556251461759,0.9954569105489799,0.9952674430922349,0.003917461798777473,3.211395,3.2119999999999997,0.15343571609960963,0.0015226325450466947
sell,5.0,9,0.02,0.17899500000000004,0.1795,0.010269127275479645,1.000474337976474,1.0005319990500805,0.001186896330592636,3.76627,3.7685,0.18271285422761036,1.8166186684794863
sell,5.0,9,0.03,0.17899500000000004,0.1795,0.010269127275479645,1.00001105523468,1.0000954970965998,0.001748296816749584,3.76627,3.7685,0.18271285422761036,1.01401405011765
sell,5.0,9,0.05,0.17899500000000004,0.1795,0.010269127275479645,0.9978358457947002,0.9979701916832012,0.0028127918510732017,3.76627,3.7685,0.18271285422761036,0.06539633239113725
sell,5.0,9,0.06,0.17899500000000004,0.1795,0.010269127275479645,0.9961747549829052,0.9963323721002438,0.0033178490687075734,3.76627,3.7685,0.18271285422761036,0.008029540015339802
sell,5.0,9,0.07,0.17899500000000004,0.1795,0.010269127275479645,0.9941607595830285,0.994340613242428,0.003805928197322295,3.76627,3.7685,0.18271285422761036,0.0006284527494501948
sell,5.0,10,0.02,0.17448,0.174,0.011335325315137628,0.999952839631087,0.9998965403939958,0.0013094490924733548,4.35923,4.3555,0.21097653210724643,0.9485694345257363
sell,5.0,10,0.03,0.17448,0.174,0.011335325315137628,0.9992431270116482,0.9991596259031765,0.0019283445624199526,4.35923,4.3555,0.21097653210724643,0.42840406602758946
sell,5.0,10,0.05,0.17448,0.174,0.011335325315137628,0.9966010753369398,0.9964649797128933,0.003101019469597415,4.35923,4.3555,0.21097653210724643,0.02210846415805914
sell,5.0,10,0.06,0.17448,0.174,0.011335325315137628,0.9947186844699748,0.9945571647414017,0.003657014942754499,4.35923,4.3555,0.21097653210724643,0.0026626362589251217
sell,5.0,10,0.07,0.17448,0.174,0.011335325315137628,0.9924909505133088,0.9923045694197731,0.004194078732037537,4.35923,4.3555,0.21097653210724643,0.00021635655768821696
sell,5.5,4,0.02,0.199425,0.198,0.011984755942446221,1.0046501064700661,1.0044706755499584,0.0015001478317961284,1.6182150000000002,1.6185,0.05671489024057085,41425.78863887801
sell,5.5,4,0.03,0.199425,0.198,0.011984755942446221,1.0060924168630399,1.0058274044715763,0.002209509165304234,1.6182150000000002,1.6185,0.05671489024057085,1109315.455084168
sell,5.5,4,0.05,0.199425,0.198,0.011984755942446221,1.0074190180641802,1.0069904411276924,0.0035545237878316207,1.6182150000000002,1.6185,0.05671489024057085,22724249.4607003
sell,5.5,4,0.06,0.199425,0.198,0.011984755942446221,1.0073716005864122,1.0068648123203874,0.004192769168192896,1.6182150000000002,1.6185,0.05671489024057085,20400647.46141371
sell,5.5,4,0.07,0.199425,0.198,0.011984755942446221,1.006889489322276,1.0063067362328784,0.0048096803367433305,1.6182150000000002,1.6185,0.05671489024057085,6811174.204594326
sell,5.5,5,0.02,0.18991999999999998,0.19,0.011353572125106707,1.0034612212985212,1.0034702172946819,0.0014192672362957899,1.977465,1.981,0.08529436543523844,1056.5797202104407
sell,5.5,5,0.03,0.18991999999999998,0.19,0.011353572125106707,1.004341956031449,1.0043545018807314,0.00208908526539879,1.977465,1.981,0.08529436543523844,6190.0345842421
sell,5.5,5,0.05,0.18991999999999998,0.19,0.011353572125106707,1.0046048169584703,1.0046228580727783,0.00335684013674448,1.977465,1.981,0.08529436543523844,10488.53192843409
sell,5.5,5,0.06,0.18991999999999998,0.19,0.011353572125106707,1.0040531138306072,1.0040731950141333,0.0039573741000980414,1.977465,1.981,0.08529436543523844,3467.0949157798127
sell,5.5,5,0.07,0.18991999999999998,0.19,0.011353572125106707,1.0030838745223638,1.003105577680782,0.004537186549906889,1.977465,1.981,0.08529436543523844,495.1531772731053
sell,5.5,6,0.02,0.181445,0.181,0.010639876644021775,1.0024023351407778,1.002345892791375,0.0013285214103832396,2.3968949999999998,2.3955,0.11627310082301925,69.28312170159857
sell,5.5,6,0.03,0.181445,0.181,0.010639876644021775,1.0027837077283894,1.002700064446016,0.001954453680607726,2.3968949999999998,2.3955,0.11627310082301925,135.65091031701053
sell,5.5,6,0.05,0.181445,0.181,0.010639876644021775,1.0021020936793903,1.0019659802350585,0.003137287315625578,2.3968949999999998,2.3955,0.11627310082301925,40.81586491465469
sell,5.5,6,0.06,0.181445,0.181,0.010639876644021775,1.0011032980203252,1.0009418761862283,0.003696739328911866,2.3968949999999998,2.3955,0.11627310082301925,7.012553831129001
sell,5.5,6,0.07,0.181445,0.181,0.010639876644021775,0.9997025810975899,0.9995164447935051,0.004236359892456009,2.3968949999999998,2.3955,0.11627310082301925,0.5913100495651628
sell,5.5,7,0.02,0.17533,0.176,0.010523359729668086,1.001639075819688,1.0017218124872287,0.0013130484734330283,2.86895,2.869,0.14130140657474008,12.677282070107054
sell,5.5,7,0.03,0.17533,0.176,0.010523359729668086,1.0016610296066701,1.0017821104223938,0.0019310512212153666,2.86895,2.869,0.14130140657474008,13.115590135160996
sell,5.5,7,0.05,0.17533,0.176,0.010523359729668086,1.0003005518445836,1.000492974332013,0.0030977782828211474,2.86895,2.869,0.14130140657474008,1.5936520728133114
sell,5.5,7,0.06,0.17533,0.176,0.010523359729668086,0.9989808244361028,0.9992064761761046,0.0036490966129294746,2.86895,2.869,0.14130140657474008,0.20569681663205852
sell,5.5,7,0.07,0.17533,0.176,0.010523359729668086,0.9972706477097684,0.9975280340329155,0.00418055376985911,2.86895,2.869,0.14130140657474008,0.01442937606668707
sell,5.5,8,0.02,0.17022500000000002,0.17,0.010037149744822976,1.0010022657034188,1.0009734290063577,0.0012516474847954588,3.418275,3.4165,0.16563670902007202,3.8977179617737447
sell,5.5,8,0.03,0.17022500000000002,0.17,0.010037149744822976,1.0007246109747592,1.0006816748154388,0.0018402430192475344,3.418275,3.4165,0.16563670902007202,2.6742327013161593
sell,5.5,8,0.05,0.17022500000000002,0.17,0.010037149744822976,0.998798703868284,0.9987282254137135,0.002950560593381896,3.418275,3.4165,0.16563670902007202,0.19547240542057112
sell,5.5,8,0.06,0.17022500000000002,0.17,0.010037149744822976,0.9972118847731241,0.9971279672934154,0.003474813628286999,3.418275,3.4165,0.16563670902007202,0.022560886728329156
sell,5.5,8,0.07,0.17022500000000002,0.17,0.010037149744822976,0.9952442958795642,0.9951471619384245,0.003979927630931828,3.418275,3.4165,0.16563670902007202,0.0015436076312193667
sell,5.5,9,0.02,0.16570999999999997,0.166,0.01022427992574538,1.0004394890618977,1.000474817331092,0.0012743144843456195,4.0432,4.031000000000001,0.2049011224957052,1.6866670462050406
sell,5.5,9,0.03,0.16570999999999997,0.166,0.01022427992574538,0.9998973584938292,0.9999487227174101,0.0018731071991088218,4.0432,4.031000000000001,0.2049011224957052,0.8850412689015421
sell,5.5,9,0.05,0.16570999999999997,0.166,0.01022427992574538,0.9974728535662966,0.9975534558096469,0.0030018506109402688,4.0432,4.031000000000001,0.2049011224957052,0.0492717601796591
sell,5.5,9,0.06,0.16570999999999997,0.166,0.01022427992574538,0.9956507546785994,0.9957446972772273,0.003534431633586768,4.0432,4.031000000000001,0.2049011224957052,0.005596170526158289
sell,5.5,9,0.07,0.16570999999999997,0.166,0.01022427992574538,0.9934565623154632,0.9935630717128359,0.004047340233286949,4.0432,4.031000000000001,0.2049011224957052,0.0004054773520221949
sell,5.5,10,0.02,0.163495,0.163,0.011979982262090374,1.000163801912274,1.0001010215754236,0.0014926222657473617,4.68811,4.6975,0.2146787318296808,1.1885919083983338
sell,5.5,10,0.03,0.163495,0.163,0.011979982262090374,0.9994923917359125,0.9993993609750602,0.0021936397472343406,4.68811,4.6975,0.2146787318296808,0.5853312552411198
sell,5.5,10,0.05,0.163495,0.163,0.011979982262090374,0.9968246538864497,0.9966732855286841,0.0035144551433333423,4.68811,4.6975,0.2146787318296808,0.03491685665133818
sell,5.5,10,0.06,0.163495,0.163,0.011979982262090374,0.9948880020577668,0.994708504219842,0.004137375504820016,4.68811,4.6975,0.2146787318296808,0.004488985841663106
sell,5.5,10,0.07,0.163495,0.163,0.011979982262090374,0.9925836194634792,0.992376659049256,0.0047371095962710575,4.68811,4.6975,0.2146787318296808,0.00038889994255679493
sell,6.0,4,0.02,0.19061499999999998,0.1895,0.011826528442446669,1.0052654401947063,1.005114528589405,0.0015878919460324912,1.6904500000000002,1.693,0.06328094104862854,121991.33004333678
sell,6.0,4,0.03,0.19061499999999998,0.1895,0.011826528442446669,1.0069228483714223,1.0067001494673897,0.002334518536642923,1.6904500000000002,1.693,0.06328094104862854,4806694.643260089
sell,6.0,4,0.05,0.19061499999999998,0.1895,0.011826528442446669,1.0085376635045307,1.0081780846386144,0.003743168839211607,1.6904500000000002,1.693,0.06328094104862854,171331686.10954744
sell,6.0,4,0.06,0.19061499999999998,0.1895,0.011826528442446669,1.008576284622549,1.0081513961275557,0.004408512130597025,1.6904500000000002,1.693,0.06328094104862854,186606096.32681134
sell,6.0,4,0.07,0.19061499999999998,0.1895,0.011826528442446669,1.0081483807990694,1.00766014294198,0.005049776374563259,1.6904500000000002,1.693,0.06328094104862854,72431481.2673818
sell,6.0,5,0.02,0.18067,0.181,0.010948109425832388,1.0039311849964878,1.0039743516195083,0.0014678551955048433,2.07052,2.0715000000000003,0.09257936919206136,2136.0994026956805
sell,6.0,5,0.03,0.18067,0.181,0.010948109425832388,1.0049619228656839,1.0050246036292012,0.002156601217988039,2.07052,2.0715000000000003,0.09257936919206136,15866.271880777322
sell,6.0,5,0.05,0.18067,0.181,0.010948109425832388,1.0053956182025694,1.0054937594184488,0.0034535505531355904,2.07052,2.0715000000000003,0.09257936919206136,36866.33693675063
sell,6.0,5,0.06,0.18067,0.181,0.010948109425832388,1.0048769179163273,1.004991189704337,0.004064994244056749,2.07052,2.0715000000000003,0.09257936919206136,13448.982007160996
sell,6.0,5,0.07,0.18067,0.181,0.010948109425832388,1.0039122018012139,1.0040416418245015,0.004653610621813119,2.07052,2.0715000000000003,0.09257936919206136,2058.6119340522046
sell,6.0,6,0.02,0.17108,0.171,0.01058317532690449,1.0026463372529548,1.00263462536283,0.001416900300768003,2.517955,2.513,0.12472506955299725,90.69142181395446
sell,6.0,6,0.03,0.17108,0.171,0.01058317532690449,1.0030748322425247,1.003056948942708,0.002080346415819036,2.517955,2.513,0.12472506955299725,187.95300520205245
sell,6.0,6,0.05,0.17108,0.171,0.01058317532690449,1.0023755673371741,1.0023448931483274,0.003327243752710405,2.517955,2.513,0.12472506955299725,57.21473795511036
sell,6.0,6,0.06,0.17108,0.171,0.01058317532690449,1.0013232373797434,1.0012860001645738,0.003913991183184724,2.517955,2.513,0.12472506955299725,9.538512560913572
sell,6.0,6,0.07,0.17108,0.171,0.01058317532690449,0.9998451216234215,0.9998012404410722,0.004478159926028692,2.517955,2.513,0.12472506955299725,0.7678421098670302
sell,6.0,7,0.02,0.16441499999999998,0.165,0.010133744372145965,1.001754309176003,1.0018316478869749,0.0013556220472905024,3.0229000000000004,3.0084999999999997,0.15040927497996923,13.656177866801192
sell,6.0,7,0.03,0.16441499999999998,0.165,0.010133744372145965,1.001765327974725,1.0018782057219866,0.0019896152256729527,3.0229000000000004,3.0084999999999997,0.15040927497996923,13.882058524363902
sell,6.0,7,0.05,0.16441499999999998,0.165,0.010133744372145965,1.000281804798388,1.0004603087330968,0.003179840125814914,3.0229000000000004,3.0084999999999997,0.15040927497996923,1.5223295559357204
sell,6.0,7,0.06,0.16441499999999998,0.165,0.010133744372145965,0.9988605930490678,0.9990694465874228,0.0037393181541153933,3.0229000000000004,3.0084999999999997,0.15040927497996923,0.18261953262736705
sell,6.0,7,0.07,0.16441499999999998,0.165,0.010133744372145965,0.9970278909752295,0.9972656005981168,0.004276898365328808,3.0229000000000004,3.0084999999999997,0.15040927497996923,0.011803180132913363
sell,6.0,8,0.02,0.15894,0.159,0.009857809087216085,1.0010221607096,1.0010293134896757,0.0013178430823865448,3.641865,3.6285,0.18371419862111912,3.7454946462575687
sell,6.0,8,0.03,0.15894,0.159,0.009857809087216085,1.0006909486975697,1.0007008477023562,0.0019335737526734046,3.641865,3.6285,0.18371419862111912,2.441959432549981
sell,6.0,8,0.05,0.15894,0.159,0.009857809087216085,0.998565249381943,0.9985792676675078,0.0030884849431884356,3.641865,3.6285,0.18371419862111912,0.15631732046807345
sell,6.0,8,0.06,0.15894,0.159,0.009857809087216085,0.996842317441051,0.9968577998098869,0.0036308944337307327,3.641865,3.6285,0.18371419862111912,0.01677228580138385
sell,6.0,8,0.07,0.15894,0.159,0.009857809087216085,0.9947197913960234,0.994736391502747,0.0041517870019046445,3.641865,3.6285,0.18371419862111912,0.0010666894902315559
sell,6.0,9,0.02,0.15678,0.157,0.009795999183340107,1.00073346874788,1.0007620115078937,0.0013089069178725816,4.281055,4.2835,0.20439694707847278,2.300244103338952
sell,6.0,9,0.03,0.15678,0.157,0.009795999183340107,1.0002674190400487,1.0003087025702042,0.0019200002504198561,4.281055,4.2835,0.20439694707847278,1.3549762796922167
sell,6.0,9,0.05,0.15678,0.157,0.009795999183340107,0.997888888913924,0.9979530402381711,0.0030654120186541915,4.281055,4.2835,0.20439694707847278,0.0906231162044159
sell,6.0,9,0.06,0.15678,0.157,0.009795999183340107,0.9960472507683948,0.9961216727391764,0.0036029942934241747,4.281055,4.2835,0.20439694707847278,0.011111637964495373
sell,6.0,9,0.07,0.15678,0.157,0.009795999183340107,0.9938107501653092,0.9938947480392254,0.004119026875061312,4.281055,4.2835,0.20439694707847278,0.0008642188622700835
sell,6.0,10,0.02,0.15070499999999998,0.15,0.011958176073298134,0.9999224192074445,0.9998270165395233,0.0015968904166889905,4.968055,4.9795,0.2378667525632786,0.9249652754629724
sell,6.0,10,0.03,0.15070499999999998,0.15,0.011958176073298134,0.9990781723133105,0.9989374043646237,0.0023418070230362,4.968055,4.9795,0.2378667525632786,0.3956642259366831
sell,6.0,10,0.05,0.15070499999999998,0.15,0.011958176073298134,0.9959915590264774,0.9957643352797421,0.00373696966919088,4.968055,4.9795,0.2378667525632786,0.01763278604766268
sell,6.0,10,0.06,0.15070499999999998,0.15,0.011958176073298134,0.993817955512234,0.9935495061383419,0.004391276918646907,4.968055,4.9795,0.2378667525632786,0.0019607552133957947
sell,6.0,10,0.07,0.15070499999999998,0.15,0.011958176073298134,0.9912630192260364,0.9909545998461319,0.005019055118095312,4.968055,4.9795,0.2378667525632786,0.00014740250302405956
